유형,동사원형,과거형,과거분사형,한글 뜻(핵심어 중심),레벨
A-A-A,bet,bet,bet,내기하다,Easy
A-A-A,broadcast,broadcast,broadcast,방송하다,Average
A-A-A,burst,burst,burst,터지다,Easy
A-A-A,cast,cast,cast,던지다/캐스팅하다,Easy
A-A-A,cost,cost,cost,비용이 들다,Easy
A-A-A,cut,cut,cut,자르다,Easy
A-A-A,forecast,forecast,forecast,예측하다,Average
A-A-A,hit,hit,hit,치다,Easy
A-A-A,hurt,hurt,hurt,다치게 하다,Easy
A-A-A,let,let,let,~하게 하다,Easy
A-A-A,put,put,put,두다,Easy
A-A-A,quit,quit,quit,그만두다,Easy
A-A-A,read,read,read,읽다,Easy
A-A-A,set,set,set,놓다/설정하다,Easy
A-A-A,shut,shut,shut,닫다,Easy
A-A-A,split,split,split,나누다/쪼개다,Easy
A-A-A,spread,spread,spread,퍼지다,Easy
A-A-A,upset,upset,upset,속상하게 하다,Easy
A-A-B,beat,beat,beaten,이기다/때리다,Easy
A-B-A,become,became,become,~이 되다,Easy
A-B-A,come,came,come,오다,Easy
A-B-A,overcome,overcame,overcome,극복하다,Difficult
A-B-A,run,ran,run,달리다,Easy
A-B-B,bend,bent,bent,구부리다,Easy
A-B-B,bind,bound,bound,묶다,Easy
A-B-B,breed,bred,bred,번식하다/키우다,Average
A-B-B,bring,brought,brought,가져오다,Easy
A-B-B,build,built,built,짓다,Easy
A-B-B,burn,burned/burnt,burned/burnt,타다/태우다,Easy
A-B-B,buy,bought,bought,사다,Easy
A-B-B,catch,caught,caught,잡다,Easy
A-B-B,cling,clung,clung,매달리다/집착하다,Average
A-B-B,creep,crept,crept,기어가다,Average
A-B-B,deal,dealt,dealt,다루다,Average
A-B-B,dig,dug,dug,파다,Easy
A-B-B,dream,dreamed/dreamt,dreamed/dreamt,꿈꾸다,Easy
A-B-B,dwell,dwelt/dwelled,dwelt/dwelled,거주하다/곱씹다,Average
A-B-B,feed,fed,fed,먹이를 주다,Average
A-B-B,feel,felt,felt,느끼다,Easy
A-B-B,fight,fought,fought,싸우다,Easy
A-B-B,find,found,found,찾다,Easy
A-B-B,flee,fled,fled,도망치다,Average
A-B-B,get,got,got/gotten,얻다/되다,Easy
A-B-B,hang,hung,hung,걸다,Easy
A-B-B,have,had,had,가지다,Easy
A-B-B,hear,heard,heard,듣다,Easy
A-B-B,hold,held,held,잡다,Easy
A-B-B,keep,kept,kept,유지하다,Easy
A-B-B,lay,laid,laid,놓다,Easy
A-B-B,lead,led,led,이끌다,Easy
A-B-B,lean,leaned/leant,leaned/leant,기대다/기울다,Average
A-B-B,leap,leaped/leapt,leaped/leapt,뛰어오르다,Average
A-B-B,learn,learned/learnt,learned/learnt,배우다,Easy
A-B-B,leave,left,left,떠나다,Easy
A-B-B,lend,lent,lent,빌려주다,Easy
A-B-B,light,lit/lighted,lit/lighted,불을 켜다/가볍다,Average
A-B-B,lose,lost,lost,잃다,Easy
A-B-B,make,made,made,만들다,Easy
A-B-B,mean,meant,meant,의미하다,Easy
A-B-B,meet,met,met,만나다,Easy
A-B-B,pay,paid,paid,지불하다,Easy
A-B-B,say,said,said,말하다,Easy
A-B-B,seek,sought,sought,찾다/추구하다,Average
A-B-B,sell,sold,sold,팔다,Easy
A-B-B,send,sent,sent,보내다,Easy
A-B-B,shine,shone/shined,shone/shined,빛나다,Easy
A-B-B,shoot,shot,shot,쏘다,Easy
A-B-B,sit,sat,sat,앉다,Easy
A-B-B,sleep,slept,slept,자다,Easy
A-B-B,slide,slid,slid,미끄러지다,Average
A-B-B,smell,smelled/smelt,smelled/smelt,냄새나다,Average
A-B-B,spell,spelled/spelt,spelled/spelt,철자를 쓰다,Average
A-B-B,spend,spent,spent,쓰다,Easy
A-B-B,spill,spilled/spilt,spilled/spilt,쏟다/흘리다,Average
A-B-B,spin,spun,spun,돌리다/회전하다,Average
A-B-B,spit,spat/spit,spat/spit,뱉다,Average
A-B-B,spoil,spoiled/spoilt,spoiled/spoilt,망치다/상하다,Average
A-B-B,stand,stood,stood,서다,Easy
A-B-B,stick,stuck,stuck,붙이다/찌르다,Easy
A-B-B,strike,struck,struck/stricken,치다/파업하다,Easy
A-B-B,sweep,swept,swept,쓸다,Difficult
A-B-B,swing,swung,swung,흔들다,Average
A-B-B,teach,taught,taught,가르치다,Easy
A-B-B,tell,told,told,말하다,Easy
A-B-B,think,thought,thought,생각하다,Easy
A-B-B,understand,understood,understood,이해하다,Easy
A-B-B,win,won,won,이기다,Easy
A-B-B,wind,wound,wound,감다/구불구불하다,Average
A-B-C,arise,arose,arisen,발생하다,Average
A-B-C,awake,awoke,awoken,깨다,Average
A-B-C,bear,bore,borne/born,견디다/낳다,Average
A-B-C,begin,began,begun,시작하다,Easy
A-B-C,bite,bit,bitten,물다,Easy
A-B-C,blow,blew,blown,불다,Easy
A-B-C,break,broke,broken,깨다,Easy
A-B-C,choose,chose,chosen,선택하다,Easy
A-B-C,do,did,done,하다,Easy
A-B-C,draw,drew,drawn,그리다,Easy
A-B-C,drink,drank,drunk,마시다,Easy
A-B-C,drive,drove,driven,운전하다,Easy
A-B-C,eat,ate,eaten,먹다,Easy
A-B-C,fall,fell,fallen,떨어지다,Easy
A-B-C,fly,flew,flown,날다,Easy
A-B-C,forbid,forbade,forbidden,금지하다,Average
A-B-C,forget,forgot,forgotten,잊다,Easy
A-B-C,forgive,forgave,forgiven,용서하다,Easy
A-B-C,freeze,froze,frozen,얼다,Easy
A-B-C,give,gave,given,주다,Easy
A-B-C,go,went,gone,가다,Easy
A-B-C,grow,grew,grown,자라다,Easy
A-B-C,hide,hid,hidden,숨기다,Easy
A-B-C,know,knew,known,알다,Easy
A-B-C,lie,lay,lain,눕다/거짓말하다,Average
A-B-C,ride,rode,ridden,타다,Easy
A-B-C,ring,rang,rung,울리다,Easy
A-B-C,rise,rose,risen,오르다,Easy
A-B-C,see,saw,seen,보다,Easy
A-B-C,sew,sewed,sewn/sewed,바느질하다,Average
A-B-C,shake,shook,shaken,흔들다,Easy
A-B-C,show,showed,shown/showed,보여주다,Easy
A-B-C,sing,sang,sung,노래하다,Easy
A-B-C,sink,sank,sunk,가라앉다,Easy
A-B-C,speak,spoke,spoken,말하다,Easy
A-B-C,spring,sprang,sprung,튀어오르다,Average
A-B-C,steal,stole,stolen,훔치다,Easy
A-B-C,swear,swore,sworn,맹세하다,Difficult
A-B-C,swell,swelled,swollen/swelled,붓다/부풀다,Difficult
A-B-C,swim,swam,swum,수영하다,Easy
A-B-C,take,took,taken,가져가다,Easy
A-B-C,tear,tore,torn,찢다,Average
A-B-C,throw,threw,thrown,던지다,Easy
A-B-C,undergo,underwent,undergone,겪다/받다,Difficult
A-B-C,undertake,undertook,undertaken,떠맡다/착수하다,Difficult
A-B-C,wake,woke,woken,깨다,Easy
A-B-C,wear,wore,worn,입다,Easy
A-B-C,weave,wove,woven,짜다/엮다,Average
A-B-C,withdraw,withdrew,withdrawn,철수하다/인출하다,Difficult
A-B-C,write,wrote,written,쓰다,Easy
special,dive,dived/dove,dived,뛰어들다/잠수하다,Average
special,be,was/were,been,이다/있다,Average
special,can,could,-,~할 수 있다,Easy
special,could,could,-,~할 수 있었다,Easy
special,may,might,-,~해도 된다/~일지도,Easy
special,might,might,-,~일지도 모른다,Easy
special,must,must,-,~해야 한다,Easy
special,ought,ought,-,~해야 한다,Easy
special,shall,should,-,~할 것이다,Easy
special,should,should,-,~해야 한다,Easy
special,will,would,-,~할 것이다,Easy
special,would,would,-,~하곤 했다/~할 것이다,Easy
Regular (-ed),abandon,abandonned,abandonned,"버리다, 포기하다",Average
Regular (-ed),abort,aborted,aborted,중단하다,Difficult
Regular (-ed),abound,abounded,abounded,풍부하다,Difficult
Regular (-ed),absorb,absorbed,absorbed,흡수하다,Average
Regular (-ed),abuse,abused,abused,남용하다/학대하다,Average
Regular (-ed),accelerate,accelerated,accelerated,가속하다,Difficult
Regular (-ed),accept,accepted,accepted,받아들이다,Average
Regular (-ed),access,accessed,accessed,접근하다,Average
Regular (-ed),accommodate,accommodated,accommodated,수용하다/숙박시키다,Difficult
Regular (-ed),accompany,accompanied,accompanied,동행하다,Average
Regular (-ed),accomplish,accomplished,accomplished,성취하다,Average
Regular (-ed),accord,accorded,accorded,일치하다/부여하다,Average
Regular (-ed),account,accounted,accounted,설명하다/차지하다,Average
Regular (-ed),accumulate,accumulated,accumulated,축적하다,Difficult
Regular (-ed),accuse,accused,accused,"비난하다, 고발하다",Average
Regular (-ed),ache,ached,ached,쑤시다/아프다,Average
Regular (-ed),achieve,achieved,achieved,성취하다,Average
Regular (-ed),acknowledge,acknowledged,acknowledged,인정하다,Average
Regular (-ed),acquire,acquired,acquired,얻다,Average
Regular (-ed),act,acted,acted,행동하다,Average
Regular (-ed),adapt,adapted,adapted,적응하다,Average
Regular (-ed),add,added,added,더하다,Easy
Regular (-ed),addict,addicted,addicted,중독시키다,Difficult
Regular (-ed),address,addressed,addressed,다루다/연설하다,Average
Regular (-ed),adjust,adjusted,adjusted,조정하다,Average
Regular (-ed),administer,administerred,administerred,관리하다/집행하다,Difficult
Regular (-ed),admire,admired,admired,존경하다,Average
Regular (-ed),admit,admitted,admitted,인정하다/입장시키다,Average
Regular (-ed),adopt,adopted,adopted,채택하다/입양하다,Average
Regular (-ed),advance,advanced,advanced,나아가다,Average
Regular (-ed),advertise,advertised,advertised,광고하다,Average
Regular (-ed),advertize,advertized,advertized,광고하다,Average
Regular (-ed),advise,advised,advised,충고하다,Average
Regular (-ed),advocate,advocated,advocated,옹호하다/주장하다,Difficult
Regular (-ed),affect,affected,affected,영향을 미치다,Average
Regular (-ed),afford,afforded,afforded,~할 여유가 있다,Average
Regular (-ed),agree,agreed,agreed,동의하다,Average
Regular (-ed),aid,aided,aided,돕다/지원하다,Average
Regular (-ed),aim,aimed,aimed,목표로 하다,Average
Regular (-ed),air,aired,aired,방영하다/환기하다,Easy
Regular (-ed),alarm,alarmed,alarmed,경보를 울리다/놀라게 하다,Average
Regular (-ed),alert,alerted,alerted,경고하다/주의시키다,Average
Regular (-ed),allocate,allocated,allocated,할당하다/배분하다,Difficult
Regular (-ed),allow,allowed,allowed,허락하다,Easy
Regular (-ed),ally,allied,allied,동맹을 맺다,Average
Regular (-ed),alter,alterred,alterred,바꾸다/변경하다,Average
Regular (-ed),alternate,alternated,alternated,교대하다/번갈아 하다,Difficult
Regular (-ed),amaze,amazed,amazed,놀라게 하다,Average
Regular (-ed),amount,amounted,amounted,합계가 되다/~에 달하다,Average
Regular (-ed),amuse,amused,amused,즐겁게 하다,Average
Regular (-ed),analyse,analysed,analysed,분석하다,Difficult
Regular (-ed),analyze,analyzed,analyzed,분석하다,Difficult
Regular (-ed),anchor,anchorred,anchorred,닻을 내리다/고정하다,Difficult
Regular (-ed),anger,angerred,angerred,화나게 하다,Average
Regular (-ed),announce,announced,announced,발표하다/알리다,Average
Regular (-ed),annoy,annoyed,annoyed,짜증나게 하다,Average
Regular (-ed),answer,answerred,answerred,대답하다,Easy
Regular (-ed),anticipate,anticipated,anticipated,예상하다/기대하다,Difficult
Regular (-ed),appeal,appealed,appealed,호소하다/매력있다,Average
Regular (-ed),appear,appeared,appeared,나타나다,Easy
Regular (-ed),apply,applied,applied,지원하다/적용하다,Easy
Regular (-ed),appoint,appointed,appointed,임명하다/정하다,Average
Regular (-ed),appreciate,appreciated,appreciated,감사하다/감상하다,Average
Regular (-ed),approach,approached,approached,접근하다,Average
Regular (-ed),approve,approved,approved,승인하다/찬성하다,Average
Regular (-ed),approximate,approximated,approximated,근접하다/추정하다,Difficult
Regular (-ed),argue,argued,argued,논쟁하다,Average
Regular (-ed),arm,armed,armed,무장하다,Average
Regular (-ed),arrange,arranged,arranged,정리하다/마련하다,Average
Regular (-ed),arrest,arrested,arrested,체포하다,Average
Regular (-ed),arrive,arrived,arrived,도착하다,Easy
Regular (-ed),ask,asked,asked,묻다,Easy
Regular (-ed),aspire,aspired,aspired,열망하다,Difficult
Regular (-ed),assault,assaulted,assaulted,공격하다/폭행하다,Difficult
Regular (-ed),assemble,assembled,assembled,모으다/조립하다,Difficult
Regular (-ed),assert,asserted,asserted,주장하다/단언하다,Difficult
Regular (-ed),assess,assessed,assessed,평가하다/사정하다,Difficult
Regular (-ed),assign,assigned,assigned,배정하다/할당하다,Average
Regular (-ed),assist,assisted,assisted,돕다/보조하다,Average
Regular (-ed),associate,associated,associated,연결하다/어울리다,Difficult
Regular (-ed),assume,assumed,assumed,가정하다/떠맡다,Average
Regular (-ed),assure,assured,assured,확신시키다/보장하다,Average
Regular (-ed),astonish,astonished,astonished,깜짝 놀라게 하다,Difficult
Regular (-ed),attach,attached,attached,붙이다/첨부하다,Average
Regular (-ed),attack,attacked,attacked,공격하다,Average
Regular (-ed),attempt,attempted,attempted,시도하다,Average
Regular (-ed),attend,attended,attended,참석하다,Average
Regular (-ed),attract,attracted,attracted,끌어당기다/매혹하다,Average
Regular (-ed),attribute,attributed,attributed,귀속시키다/탓하다,Difficult
Regular (-ed),auction,auctioned,auctioned,경매하다,Difficult
Regular (-ed),avail,availed,availed,도움이 되다,Difficult
Regular (-ed),average,averaged,averaged,평균이 되다,Average
Regular (-ed),avoid,avoided,avoided,피하다,Easy
Regular (-ed),await,awaited,awaited,기다리다,Average
Regular (-ed),award,awarded,awarded,수여하다/상을 주다,Average
Regular (-ed),awe,awed,awed,경외감을 주다,Average
Regular (-ed),back,backed,backed,지지하다/후진하다,Average
Regular (-ed),bake,baked,baked,굽다,Average
Regular (-ed),balance,balanced,balanced,균형을 잡다,Average
Regular (-ed),ban,banned,banned,금지하다,Average
Regular (-ed),band,banded,banded,묶다/연대하다,Average
Regular (-ed),bang,banged,banged,세게 치다/쾅 닫다,Average
Regular (-ed),bank,banked,banked,예금하다/기대다,Average
Regular (-ed),bankrupt,bankrupted,bankrupted,파산시키다,Difficult
Regular (-ed),bar,barred,barred,막다/금지하다,Average
Regular (-ed),bargain,bargained,bargained,흥정하다,Average
Regular (-ed),bark,barked,barked,짖다,Average
Regular (-ed),base,based,based,기반을 두다,Average
Regular (-ed),bat,batted,batted,방망이로 치다,Average
Regular (-ed),battle,battled,battled,싸우다,Average
Regular (-ed),beam,beamed,beamed,빛을 발하다/미소 짓다,Average
Regular (-ed),beg,begged,begged,구걸하다/간청하다,Average
Regular (-ed),behave,behaved,behaved,행동하다/예의 바르게 굴다,Average
Regular (-ed),believe,believed,believed,믿다,Easy
Regular (-ed),belong,belonged,belonged,속하다,Average
Regular (-ed),benefit,benefitted,benefitted,이익을 얻다/도움이 되다,Average
Regular (-ed),betray,betrayed,betrayed,배신하다,Average
Regular (-ed),bias,biased,biased,편향되게 하다,Difficult
Regular (-ed),bill,billed,billed,청구하다,Average
Regular (-ed),blame,blamed,blamed,비난하다/탓하다,Average
Regular (-ed),blank,blanked,blanked,비우다/공란으로 하다,Average
Regular (-ed),blast,blasted,blasted,폭발하다/강하게 치다,Average
Regular (-ed),blend,blended,blended,섞다/혼합하다,Average
Regular (-ed),bless,blessed,blessed,축복하다,Average
Regular (-ed),blind,blinded,blinded,눈을 멀게 하다,Average
Regular (-ed),blink,blinked,blinked,눈을 깜빡이다,Average
Regular (-ed),block,blocked,blocked,막다/차단하다,Average
Regular (-ed),bloom,bloomed,bloomed,꽃 피우다/번성하다,Average
Regular (-ed),blossom,blossommed,blossommed,꽃 피다/발전하다,Average
Regular (-ed),board,boarded,boarded,탑승하다/판자를 대다,Average
Regular (-ed),boil,boiled,boiled,끓다/끓이다,Average
Regular (-ed),bomb,bombed,bombed,폭탄을 투하하다,Average
Regular (-ed),bond,bonded,bonded,결속하다/유대를 맺다,Average
Regular (-ed),book,booked,booked,예약하다,Average
Regular (-ed),boom,boomed,boomed,급성장하다/큰 소리가 나다,Average
Regular (-ed),boost,boosted,boosted,높이다/활성화하다,Average
Regular (-ed),boot,booted,booted,부팅하다/시작하다,Average
Regular (-ed),border,borderred,borderred,접하다/경계를 이루다,Average
Regular (-ed),bore,bored,bored,지루하게 하다/구멍을 뚫다,Average
Regular (-ed),borrow,borrowed,borrowed,빌리다,Easy
Regular (-ed),boss,bossed,bossed,지시하다/군림하다,Average
Regular (-ed),bother,botherred,botherred,신경 쓰이게 하다/귀찮게 하다,Average
Regular (-ed),bottle,bottled,bottled,병에 담다,Average
Regular (-ed),bounce,bounced,bounced,튀다/반송하다,Average
Regular (-ed),bow,bowed,bowed,절하다/고개를 숙이다,Average
Regular (-ed),bowl,bowled,bowled,볼링을 하다/그릇에 담다,Average
Regular (-ed),box,boxed,boxed,상자에 넣다/권투하다,Average
Regular (-ed),brake,braked,braked,제동을 걸다,Average
Regular (-ed),branch,branched,branched,분기하다/가지를 뻗다,Average
Regular (-ed),brand,branded,branded,상표를 붙이다/낙인찍다,Average
Regular (-ed),breakfast,breakfasted,breakfasted,아침을 먹다,Average
Regular (-ed),breathe,breathed,breathed,숨쉬다,Average
Regular (-ed),bridge,bridged,bridged,연결하다/다리를 놓다,Average
Regular (-ed),brush,brushed,brushed,솔질하다/스치다,Average
Regular (-ed),bully,bullied,bullied,괴롭히다,Average
Regular (-ed),bump,bumped,bumped,부딪치다/충돌하다,Average
Regular (-ed),burden,burdenned,burdenned,짐을 지우다/부담 주다,Average
Regular (-ed),bury,buried,buried,묻다/파묻다,Average
Regular (-ed),butcher,butcherred,butcherred,도살하다/망치다,Average
Regular (-ed),butter,butterred,butterred,버터를 바르다,Average
Regular (-ed),button,buttonned,buttonned,단추를 채우다,Average
Regular (-ed),buzz,buzzed,buzzed,윙윙거리다/화제가 되다,Average
Regular (-ed),calculate,calculated,calculated,계산하다,Average
Regular (-ed),call,called,called,부르다/전화하다,Easy
Regular (-ed),calm,calmed,calmed,진정시키다,Average
Regular (-ed),camp,camped,camped,캠핑하다,Average
Regular (-ed),campaign,campaigned,campaigned,운동을 벌이다/캠페인하다,Difficult
Regular (-ed),cancel,cancelled,cancelled,취소하다,Average
Regular (-ed),cap,capped,capped,한도를 정하다/뚜껑을 덮다,Average
Regular (-ed),capture,captured,captured,포획하다/포착하다,Average
Regular (-ed),care,cared,cared,돌보다/신경 쓰다,Easy
Regular (-ed),carry,carried,carried,나르다,Easy
Regular (-ed),cart,carted,carted,수레로 운반하다,Average
Regular (-ed),carve,carved,carved,조각하다/새기다,Average
Regular (-ed),catalog,catalogged,catalogged,목록을 만들다,Average
Regular (-ed),catalogue,catalogued,catalogued,목록을 만들다,Average
Regular (-ed),cater,caterred,caterred,공급하다/음식을 제공하다,Average
Regular (-ed),cause,caused,caused,일으키다,Average
Regular (-ed),caution,cautioned,cautioned,경고하다,Average
Regular (-ed),cease,ceased,ceased,멈추다/중단하다,Average
Regular (-ed),celebrate,celebrated,celebrated,축하하다,Average
Regular (-ed),censor,censorred,censorred,검열하다,Difficult
Regular (-ed),center,centerred,centerred,중심에 두다,Average
Regular (-ed),chain,chained,chained,사슬로 묶다,Average
Regular (-ed),chair,chaired,chaired,의장을 맡다,Average
Regular (-ed),challenge,challenged,challenged,도전하다/이의를 제기하다,Average
Regular (-ed),champion,championed,championed,옹호하다/지지하다,Average
Regular (-ed),chance,chanced,chanced,우연히 하다,Average
Regular (-ed),change,changed,changed,바꾸다,Easy
Regular (-ed),channel,channelled,channelled,채널을 통해 전달하다,Average
Regular (-ed),charge,charged,charged,청구하다/충전하다,Easy
Regular (-ed),charm,charmed,charmed,매혹하다,Average
Regular (-ed),chart,charted,charted,도표로 나타내다,Average
Regular (-ed),chase,chased,chased,쫓다/추구하다,Average
Regular (-ed),chat,chatted,chatted,대화하다/채팅하다,Average
Regular (-ed),check,checked,checked,확인하다/점검하다,Easy
Regular (-ed),cheer,cheered,cheered,응원하다/기쁘게 하다,Average
Regular (-ed),chew,chewed,chewed,씹다,Average
Regular (-ed),chill,chilled,chilled,차게 하다/오싹하게 하다,Average
Regular (-ed),chip,chipped,chipped,조각을 내다/깎아내다,Average
Regular (-ed),chop,chopped,chopped,자르다/잘게 썰다,Average
Regular (-ed),circle,circled,circled,원을 그리다/돌다,Average
Regular (-ed),circulate,circulated,circulated,순환하다/유포하다,Difficult
Regular (-ed),cite,cited,cited,인용하다/언급하다,Average
Regular (-ed),claim,claimed,claimed,주장하다/청구하다,Average
Regular (-ed),clap,clapped,clapped,박수를 치다,Average
Regular (-ed),clash,clashed,clashed,충돌하다/부딪치다,Average
Regular (-ed),class,classed,classed,분류하다,Average
Regular (-ed),clean,cleaned,cleaned,청소하다,Easy
Regular (-ed),clear,cleared,cleared,치우다/명확히 하다,Average
Regular (-ed),click,clicked,clicked,클릭하다/딸깍 소리를 내다,Average
Regular (-ed),climb,climbed,climbed,오르다,Average
Regular (-ed),clip,clipped,clipped,자르다/집다,Average
Regular (-ed),close,closed,closed,닫다,Easy
Regular (-ed),coach,coached,coached,코치하다/가르치다,Average
Regular (-ed),code,coded,coded,코딩하다/암호화하다,Average
Regular (-ed),coincide,coincided,coincided,일치하다/동시에 일어나다,Difficult
Regular (-ed),collaborate,collaborated,collaborated,협력하다,Difficult
Regular (-ed),collapse,collapsed,collapsed,붕괴하다/무너지다,Average
Regular (-ed),collect,collected,collected,모으다,Easy
Regular (-ed),color,colorred,colorred,색칠하다,Average
Regular (-ed),colour,coloured,coloured,색칠하다,Average
Regular (-ed),combat,combatted,combatted,싸우다/대항하다,Average
Regular (-ed),combine,combined,combined,결합하다/합치다,Average
Regular (-ed),comfort,comforted,comforted,위로하다,Average
Regular (-ed),command,commanded,commanded,명령하다/지휘하다,Average
Regular (-ed),comment,commented,commented,논평하다/댓글을 달다,Average
Regular (-ed),commit,committed,committed,저지르다/전념하다,Average
Regular (-ed),communicate,communicated,communicated,소통하다,Average
Regular (-ed),compare,compared,compared,비교하다,Easy
Regular (-ed),compel,compelled,compelled,강요하다,Average
Regular (-ed),compensate,compensated,compensated,보상하다/보충하다,Average
Regular (-ed),compete,competed,competed,경쟁하다,Average
Regular (-ed),compile,compiled,compiled,편집하다/컴파일하다,Difficult
Regular (-ed),complain,complained,complained,불평하다,Average
Regular (-ed),complete,completed,completed,완성하다,Easy
Regular (-ed),complicate,complicated,complicated,복잡하게 하다,Difficult
Regular (-ed),compose,composed,composed,작곡하다/구성하다,Average
Regular (-ed),compound,compounded,compounded,혼합하다/악화시키다,Difficult
Regular (-ed),comprehend,comprehended,comprehended,이해하다,Difficult
Regular (-ed),comprise,comprised,comprised,포함하다/구성하다,Average
Regular (-ed),compromise,compromised,compromised,타협하다/손상시키다,Difficult
Regular (-ed),compute,computed,computed,계산하다,Average
Regular (-ed),conceal,concealed,concealed,숨기다/감추다,Average
Regular (-ed),conceive,conceived,conceived,생각해내다/임신하다,Difficult
Regular (-ed),concentrate,concentrated,concentrated,집중하다/농축하다,Difficult
Regular (-ed),concern,concerned,concerned,관계하다/걱정하다,Average
Regular (-ed),concert,concerted,concerted,조율하다,Average
Regular (-ed),conclude,concluded,concluded,결론을 내리다/마무리하다,Average
Regular (-ed),condemn,condemned,condemned,비난하다/선고하다,Difficult
Regular (-ed),conduct,conducted,conducted,수행하다/지휘하다,Average
Regular (-ed),confer,conferred,conferred,수여하다/상의하다,Average
Regular (-ed),confess,confessed,confessed,고백하다/자백하다,Average
Regular (-ed),confide,confided,confided,털어놓다/신뢰하다,Difficult
Regular (-ed),confine,confined,confined,가두다/한정하다,Difficult
Regular (-ed),confirm,confirmed,confirmed,확인하다/확정하다,Average
Regular (-ed),conflict,conflicted,conflicted,충돌하다,Average
Regular (-ed),conform,conformed,conformed,따르다/순응하다,Difficult
Regular (-ed),confront,confronted,confronted,직면하다/대항하다,Difficult
Regular (-ed),confuse,confused,confused,혼란스럽게 하다,Average
Regular (-ed),congratulate,congratulated,congratulated,축하하다,Difficult
Regular (-ed),connect,connected,connected,연결하다/접속하다,Easy
Regular (-ed),consent,consented,consented,동의하다,Average
Regular (-ed),conserve,conserved,conserved,보존하다/아끼다,Difficult
Regular (-ed),consider,considerred,considerred,고려하다,Average
Regular (-ed),consist,consisted,consisted,구성되다/이루어지다,Average
Regular (-ed),constitute,constituted,constituted,구성하다/제정하다,Difficult
Regular (-ed),constrain,constrained,constrained,제한하다/강요하다,Difficult
Regular (-ed),construct,constructed,constructed,건설하다/구성하다,Average
Regular (-ed),consult,consulted,consulted,상의하다/참고하다,Average
Regular (-ed),consume,consumed,consumed,소비하다,Average
Regular (-ed),contact,contacted,contacted,연락하다,Average
Regular (-ed),contain,contained,contained,포함하다,Easy
Regular (-ed),contend,contended,contended,주장하다/겨루다,Difficult
Regular (-ed),contest,contested,contested,경쟁하다/이의를 제기하다,Average
Regular (-ed),continue,continued,continued,계속하다,Easy
Regular (-ed),contract,contracted,contracted,계약하다/수축하다,Average
Regular (-ed),contradict,contradicted,contradicted,모순되다/반박하다,Difficult
Regular (-ed),contrast,contrasted,contrasted,대조하다/대비되다,Average
Regular (-ed),contribute,contributed,contributed,기여하다/기부하다,Difficult
Regular (-ed),control,controlled,controlled,통제하다,Average
Regular (-ed),convene,convened,convened,소집하다/모이다,Difficult
Regular (-ed),converse,conversed,conversed,대화하다,Difficult
Regular (-ed),convert,converted,converted,전환하다/개종하다,Average
Regular (-ed),convey,conveyed,conveyed,전달하다/운반하다,Average
Regular (-ed),convict,convicted,convicted,유죄를 선고하다,Difficult
Regular (-ed),convince,convinced,convinced,설득하다,Difficult
Regular (-ed),cook,cooked,cooked,요리하다,Easy
Regular (-ed),cool,cooled,cooled,식히다/진정하다,Average
Regular (-ed),cooperate,cooperated,cooperated,협력하다,Average
Regular (-ed),coordinate,coordinated,coordinated,조정하다/조율하다,Difficult
Regular (-ed),cope,coped,coped,대처하다,Average
Regular (-ed),copy,copied,copied,복사하다/모방하다,Easy
Regular (-ed),copyright,copyrighted,copyrighted,저작권을 등록하다,Difficult
Regular (-ed),correct,corrected,corrected,수정하다/교정하다,Average
Regular (-ed),correspond,corresponded,corresponded,해당하다/연락하다,Difficult
Regular (-ed),corrupt,corrupted,corrupted,부패시키다,Difficult
Regular (-ed),cough,coughed,coughed,기침하다,Average
Regular (-ed),counsel,counselled,counselled,상담하다/충고하다,Difficult
Regular (-ed),count,counted,counted,세다,Easy
Regular (-ed),couple,coupled,coupled,연결하다/결합하다,Average
Regular (-ed),cover,coverred,coverred,덮다,Easy
Regular (-ed),crack,cracked,cracked,균열이 생기다/깨다,Average
Regular (-ed),craft,crafted,crafted,만들다/공들여 제작하다,Average
Regular (-ed),crash,crashed,crashed,충돌하다/추락하다,Average
Regular (-ed),crawl,crawled,crawled,기다/천천히 가다,Average
Regular (-ed),craze,crazed,crazed,열광시키다,Difficult
Regular (-ed),create,created,created,창조하다,Easy
Regular (-ed),credit,creditted,creditted,인정하다/입금하다,Average
Regular (-ed),crop,cropped,cropped,자르다/수확하다,Average
Regular (-ed),cross,crossed,crossed,건너다/가로지르다,Average
Regular (-ed),crowd,crowded,crowded,몰리다/붐비다,Average
Regular (-ed),crown,crowned,crowned,왕관을 씌우다/왕으로 만들다,Average
Regular (-ed),cruise,cruised,cruised,순항하다,Average
Regular (-ed),crush,crushed,crushed,짓누르다/좌절시키다,Average
Regular (-ed),cry,cried,cried,울다,Average
Regular (-ed),cultivate,cultivated,cultivated,경작하다/기르다,Difficult
Regular (-ed),cure,cured,cured,치료하다/고치다,Average
Regular (-ed),curl,curled,curled,말다/웅크리다,Average
Regular (-ed),curse,cursed,cursed,저주하다/욕하다,Average
Regular (-ed),curve,curved,curved,구부리다/곡선을 이루다,Average
Regular (-ed),cycle,cycled,cycled,순환하다/자전거를 타다,Average
Regular (-ed),damage,damaged,damaged,손상시키다,Easy
Regular (-ed),damp,damped,damped,축축하게 하다/억제하다,Average
Regular (-ed),dance,danced,danced,춤추다,Easy
Regular (-ed),dare,dared,dared,감히 ~하다/도전하다,Average
Regular (-ed),dash,dashed,dashed,돌진하다/내던지다,Average
Regular (-ed),date,dated,dated,날짜를 적다/사귀다,Average
Regular (-ed),debate,debated,debated,토론하다,Average
Regular (-ed),decay,decayed,decayed,부패하다/쇠퇴하다,Average
Regular (-ed),decide,decided,decided,결정하다,Easy
Regular (-ed),declare,declared,declared,선언하다/신고하다,Average
Regular (-ed),decline,declined,declined,거절하다/감소하다,Average
Regular (-ed),decorate,decorated,decorated,장식하다,Average
Regular (-ed),decrease,decreased,decreased,감소하다,Average
Regular (-ed),dedicate,dedicated,dedicated,헌정하다/전념하다,Difficult
Regular (-ed),defeat,defeated,defeated,패배시키다,Average
Regular (-ed),defend,defended,defended,방어하다/변호하다,Average
Regular (-ed),define,defined,defined,정의하다,Average
Regular (-ed),delay,delayed,delayed,지연하다/미루다,Average
Regular (-ed),delegate,delegated,delegated,위임하다/파견하다,Difficult
Regular (-ed),delete,deleted,deleted,삭제하다,Average
Regular (-ed),deliberate,deliberated,deliberated,심사숙고하다,Difficult
Regular (-ed),delight,delighted,delighted,기쁘게 하다,Average
Regular (-ed),deliver,deliverred,deliverred,배달하다,Average
Regular (-ed),demand,demanded,demanded,요구하다,Average
Regular (-ed),demonstrate,demonstrated,demonstrated,증명하다/시위하다,Difficult
Regular (-ed),deny,denied,denied,부정하다/거부하다,Average
Regular (-ed),depart,departed,departed,출발하다/떠나다,Average
Regular (-ed),depend,depended,depended,의존하다,Average
Regular (-ed),depict,depicted,depicted,묘사하다/그리다,Difficult
Regular (-ed),deposit,depositted,depositted,예금하다/두다,Average
Regular (-ed),depress,depressed,depressed,우울하게 하다,Difficult
Regular (-ed),deprive,deprived,deprived,빼앗다,Difficult
Regular (-ed),derive,derived,derived,도출하다/얻다,Difficult
Regular (-ed),descend,descended,descended,내려가다/하강하다,Average
Regular (-ed),describe,described,described,묘사하다,Easy
Regular (-ed),desert,deserted,deserted,버리다/포기하다,Average
Regular (-ed),deserve,deserved,deserved,~할 만하다,Average
Regular (-ed),design,designed,designed,설계하다/디자인하다,Average
Regular (-ed),designate,designated,designated,지정하다/임명하다,Difficult
Regular (-ed),desire,desired,desired,바라다/원하다,Average
Regular (-ed),despair,despaired,despaired,절망하다,Difficult
Regular (-ed),destine,destined,destined,운명 짓다,Difficult
Regular (-ed),destroy,destroyed,destroyed,파괴하다,Average
Regular (-ed),destruct,destructed,destructed,파괴하다,Difficult
Regular (-ed),detach,detached,detached,분리하다/떼어내다,Average
Regular (-ed),detail,detailed,detailed,상세히 설명하다,Average
Regular (-ed),detect,detected,detected,감지하다/발견하다,Average
Regular (-ed),determine,determined,determined,결정하다/규명하다,Average
Regular (-ed),develop,developped,developped,발달시키다,Easy
Regular (-ed),devise,devised,devised,고안하다/계획하다,Difficult
Regular (-ed),devote,devoted,devoted,헌신하다/바치다,Difficult
Regular (-ed),dictate,dictated,dictated,받아쓰게 하다/지시하다,Difficult
Regular (-ed),die,died,died,죽다,Easy
Regular (-ed),diet,dieted,dieted,다이어트하다,Average
Regular (-ed),differ,differred,differred,다르다,Average
Regular (-ed),diminish,diminished,diminished,줄어들다/약화시키다,Difficult
Regular (-ed),dine,dined,dined,식사하다,Average
Regular (-ed),dip,dipped,dipped,담그다/살짝 내려가다,Average
Regular (-ed),direct,directed,directed,지시하다/감독하다,Average
Regular (-ed),disappoint,disappointed,disappointed,실망시키다,Difficult
Regular (-ed),discipline,disciplined,disciplined,훈련시키다/징계하다,Difficult
Regular (-ed),discriminate,discriminated,discriminated,차별하다,Difficult
Regular (-ed),discuss,discussed,discussed,토론하다,Average
Regular (-ed),disgust,disgusted,disgusted,역겹게 하다,Difficult
Regular (-ed),dismiss,dismissed,dismissed,해고하다/무시하다,Average
Regular (-ed),display,displayed,displayed,전시하다/보여주다,Average
Regular (-ed),dispute,disputed,disputed,논쟁하다/이의를 제기하다,Average
Regular (-ed),disrupt,disrupted,disrupted,방해하다/혼란시키다,Difficult
Regular (-ed),distance,distanced,distanced,거리를 두다,Average
Regular (-ed),distinguish,distinguished,distinguished,구별하다,Difficult
Regular (-ed),distort,distorted,distorted,왜곡하다,Difficult
Regular (-ed),distract,distracted,distracted,산만하게 하다,Difficult
Regular (-ed),distribute,distributed,distributed,배분하다/배포하다,Difficult
Regular (-ed),disturb,disturbed,disturbed,방해하다/불안하게 하다,Average
Regular (-ed),divide,divided,divided,나누다,Average
Regular (-ed),divorce,divorced,divorced,이혼하다,Average
Regular (-ed),document,documented,documented,기록하다,Average
Regular (-ed),dominate,dominated,dominated,지배하다,Difficult
Regular (-ed),donate,donated,donated,기부하다,Average
Regular (-ed),dose,dosed,dosed,복용량을 정하다,Average
Regular (-ed),double,doubled,doubled,두 배로 하다,Average
Regular (-ed),doubt,doubted,doubted,의심하다,Average
Regular (-ed),draft,drafted,drafted,초안을 작성하다,Average
Regular (-ed),drag,dragged,dragged,끌다,Average
Regular (-ed),drain,drained,drained,배수하다/소진시키다,Average
Regular (-ed),dread,dreaded,dreaded,두려워하다,Average
Regular (-ed),dress,dressed,dressed,옷을 입다/드레싱하다,Easy
Regular (-ed),drill,drilled,drilled,훈련하다/드릴로 뚫다,Average
Regular (-ed),drop,dropped,dropped,떨어뜨리다,Easy
Regular (-ed),drown,drowned,drowned,익사하다/빠뜨리다,Average
Regular (-ed),dry,dried,dried,말리다,Average
Regular (-ed),duck,ducked,ducked,피하다/숙이다,Average
Regular (-ed),dump,dumped,dumped,버리다/투기하다,Average
Regular (-ed),dust,dusted,dusted,먼지를 털다,Average
Regular (-ed),earn,earned,earned,벌다,Average
Regular (-ed),ease,eased,eased,완화하다/편하게 하다,Average
Regular (-ed),edit,editted,editted,편집하다,Average
Regular (-ed),educate,educated,educated,교육하다,Average
Regular (-ed),effect,effected,effected,초래하다/실현하다,Average
Regular (-ed),elect,elected,elected,선출하다,Average
Regular (-ed),elevate,elevated,elevated,높이다/승진시키다,Average
Regular (-ed),eliminate,eliminated,eliminated,제거하다,Difficult
Regular (-ed),embarrass,embarrassed,embarrassed,당황하게 하다,Difficult
Regular (-ed),embrace,embraced,embraced,포용하다/껴안다,Average
Regular (-ed),emerge,emerged,emerged,나타나다/등장하다,Average
Regular (-ed),emit,emitted,emitted,방출하다/내뿜다,Average
Regular (-ed),emphasize,emphasized,emphasized,강조하다,Difficult
Regular (-ed),employ,employed,employed,고용하다,Average
Regular (-ed),empty,emptied,emptied,비우다,Average
Regular (-ed),encounter,encounterred,encounterred,마주치다/만나다,Difficult
Regular (-ed),end,ended,ended,끝나다,Average
Regular (-ed),endure,endured,endured,견디다/지속하다,Difficult
Regular (-ed),engage,engaged,engaged,참여하다/약속하다,Average
Regular (-ed),engineer,engineered,engineered,설계하다/공학적으로 만들다,Difficult
Regular (-ed),enhance,enhanced,enhanced,향상하다,Difficult
Regular (-ed),enquire,enquired,enquired,문의하다,Average
Regular (-ed),enter,enterred,enterred,들어가다,Easy
Regular (-ed),entertain,entertained,entertained,접대하다/즐겁게 하다,Average
Regular (-ed),envy,envied,envied,부러워하다,Average
Regular (-ed),equal,equaled,equaled,같다/동등하다,Average
Regular (-ed),equip,equiped,equiped,갖추다/장착하다,Average
Regular (-ed),erase,erased,erased,지우다,Average
Regular (-ed),erect,erected,erected,세우다/건설하다,Average
Regular (-ed),err,erred,erred,잘못하다/오류를 범하다,Average
Regular (-ed),escape,escaped,escaped,탈출하다,Easy
Regular (-ed),establish,established,established,설립하다/확립하다,Average
Regular (-ed),estimate,estimated,estimated,추정하다,Average
Regular (-ed),evacuate,evacuated,evacuated,대피하다/피난시키다,Difficult
Regular (-ed),evaluate,evaluated,evaluated,평가하다,Difficult
Regular (-ed),evolve,evolved,evolved,진화하다/발전하다,Difficult
Regular (-ed),exaggerate,exaggerated,exaggerated,과장하다,Difficult
Regular (-ed),examine,examined,examined,검사하다,Average
Regular (-ed),exceed,exceeded,exceeded,초과하다,Average
Regular (-ed),excel,excelled,excelled,뛰어나다,Average
Regular (-ed),except,excepted,excepted,제외하다,Average
Regular (-ed),exchange,exchanged,exchanged,교환하다,Average
Regular (-ed),excite,excited,excited,흥분시키다,Average
Regular (-ed),exclude,excluded,excluded,배제하다,Average
Regular (-ed),excuse,excused,excused,용서하다/변명하다,Average
Regular (-ed),exercise,exercised,exercised,운동하다,Average
Regular (-ed),exhaust,exhausted,exhausted,소진시키다/다 써버리다,Difficult
Regular (-ed),exhibit,exhibitted,exhibitted,전시하다/보여주다,Difficult
Regular (-ed),exist,existed,existed,존재하다,Easy
Regular (-ed),exit,exitted,exitted,나가다/종료하다,Average
Regular (-ed),expand,expanded,expanded,확장하다,Average
Regular (-ed),expect,expected,expected,기대하다,Easy
Regular (-ed),experience,experienced,experienced,경험하다,Average
Regular (-ed),experiment,experimented,experimented,실험하다,Average
Regular (-ed),explain,explained,explained,설명하다,Easy
Regular (-ed),explode,exploded,exploded,폭발하다,Average
Regular (-ed),explore,explored,explored,탐험하다/탐구하다,Average
Regular (-ed),export,exported,exported,수출하다,Average
Regular (-ed),expose,exposed,exposed,노출시키다/폭로하다,Average
Regular (-ed),express,expressed,expressed,표현하다,Average
Regular (-ed),extend,extended,extended,연장하다/확장하다,Average
Regular (-ed),extract,extracted,extracted,추출하다/발췌하다,Average
Regular (-ed),face,faced,faced,직면하다,Easy
Regular (-ed),facilitate,facilitated,facilitated,촉진하다/용이하게 하다,Difficult
Regular (-ed),fade,faded,faded,사라지다/희미해지다,Average
Regular (-ed),fail,failed,failed,실패하다,Easy
Regular (-ed),fasten,fastenned,fastenned,묶다/고정하다,Average
Regular (-ed),favor,favorred,favorred,선호하다,Average
Regular (-ed),favour,favoured,favoured,선호하다,Average
Regular (-ed),fear,feared,feared,두려워하다,Average
Regular (-ed),feature,featured,featured,특징으로 하다/포함하다,Average
Regular (-ed),fence,fenced,fenced,울타리를 치다,Average
Regular (-ed),ferry,ferried,ferried,배로 운반하다,Average
Regular (-ed),figure,figured,figured,계산하다/생각하다,Average
Regular (-ed),file,filed,filed,서류를 제출하다/파일을 저장하다,Average
Regular (-ed),fill,filled,filled,채우다,Easy
Regular (-ed),film,filmed,filmed,촬영하다,Average
Regular (-ed),filter,filterred,filterred,걸러내다,Average
Regular (-ed),finance,financed,financed,자금을 지원하다,Average
Regular (-ed),finish,finished,finished,끝내다,Easy
Regular (-ed),fire,fired,fired,해고하다/발사하다,Average
Regular (-ed),fish,fished,fished,낚시하다,Average
Regular (-ed),fit,fitted,fitted,맞다,Average
Regular (-ed),fix,fixed,fixed,고치다,Easy
Regular (-ed),flag,flagged,flagged,표시하다/신호를 보내다,Average
Regular (-ed),flame,flamed,flamed,불태우다,Average
Regular (-ed),flash,flashed,flashed,번쩍이다/빠르게 보여주다,Average
Regular (-ed),flavor,flavorred,flavorred,맛을 내다,Average
Regular (-ed),flavour,flavoured,flavoured,맛을 내다,Average
Regular (-ed),flip,flipped,flipped,뒤집다/넘기다,Average
Regular (-ed),float,floated,floated,떠다니다/부유하다,Average
Regular (-ed),flood,flooded,flooded,침수시키다/넘치다,Average
Regular (-ed),flourish,flourished,flourished,번성하다,Difficult
Regular (-ed),flow,flowed,flowed,흐르다,Average
Regular (-ed),flower,flowerred,flowerred,꽃을 피우다,Average
Regular (-ed),flush,flushed,flushed,물로 씻어내다/달아오르다,Average
Regular (-ed),focus,focussed,focussed,집중하다,Average
Regular (-ed),fold,folded,folded,접다,Average
Regular (-ed),follow,followed,followed,따르다,Easy
Regular (-ed),fool,fooled,fooled,속이다,Average
Regular (-ed),force,forced,forced,강요하다,Average
Regular (-ed),form,formed,formed,형성하다/구성하다,Average
Regular (-ed),format,formatted,formatted,형식을 지정하다,Average
Regular (-ed),foster,fosterred,fosterred,육성하다/촉진하다,Difficult
Regular (-ed),found,founded,founded,설립하다,Average
Regular (-ed),frame,framed,framed,틀을 짜다/액자에 넣다,Average
Regular (-ed),free,freed,freed,해방하다/풀어주다,Average
Regular (-ed),frequent,frequented,frequented,자주 드나들다,Difficult
Regular (-ed),frost,frosted,frosted,서리로 덮다,Average
Regular (-ed),frown,frowned,frowned,찡그리다/눈살을 찌푸리다,Average
Regular (-ed),frustrate,frustrated,frustrated,좌절시키다,Difficult
Regular (-ed),fry,fried,fried,튀기다,Average
Regular (-ed),fulfil,fulfilled,fulfilled,이행하다/성취하다,Difficult
Regular (-ed),function,functioned,functioned,기능하다,Average
Regular (-ed),fund,funded,funded,자금을 대다,Average
Regular (-ed),furnish,furnished,furnished,가구를 갖추다/제공하다,Difficult
Regular (-ed),fuse,fused,fused,융합하다,Average
Regular (-ed),gain,gained,gained,얻다,Average
Regular (-ed),gamble,gambled,gambled,도박하다/모험하다,Average
Regular (-ed),gather,gatherred,gatherred,모으다/모이다,Average
Regular (-ed),gaze,gazed,gazed,응시하다,Average
Regular (-ed),gear,geared,geared,준비하다/맞추다,Average
Regular (-ed),generate,generated,generated,생성하다/발생시키다,Difficult
Regular (-ed),gift,gifted,gifted,선물하다,Average
Regular (-ed),glance,glanced,glanced,흘끗 보다,Average
Regular (-ed),glare,glared,glared,노려보다/눈부시다,Average
Regular (-ed),glory,gloried,gloried,영광을 누리다,Average
Regular (-ed),glow,glowed,glowed,빛나다/달아오르다,Average
Regular (-ed),glue,glued,glued,붙이다,Average
Regular (-ed),govern,governed,governed,통치하다/지배하다,Average
Regular (-ed),grab,grabbed,grabbed,잡다/움켜쥐다,Average
Regular (-ed),grace,graced,graced,우아함을 더하다,Average
Regular (-ed),grade,graded,graded,등급을 매기다,Average
Regular (-ed),graduate,graduated,graduated,졸업하다,Difficult
Regular (-ed),grant,granted,granted,허가하다/부여하다,Average
Regular (-ed),graph,graphed,graphed,그래프로 나타내다,Average
Regular (-ed),grasp,grasped,grasped,잡다/이해하다,Average
Regular (-ed),greet,greeted,greeted,인사하다,Average
Regular (-ed),grip,gripped,gripped,꽉 잡다,Average
Regular (-ed),ground,grounded,grounded,기반을 두다/접지하다,Average
Regular (-ed),group,grouped,grouped,그룹짓다,Average
Regular (-ed),guarantee,guaranteed,guaranteed,보장하다,Difficult
Regular (-ed),guard,guarded,guarded,지키다/경비하다,Average
Regular (-ed),guess,guessed,guessed,추측하다,Average
Regular (-ed),guide,guided,guided,안내하다,Average
Regular (-ed),guilt,guilted,guilted,죄책감을 느끼게 하다,Average
Regular (-ed),handicap,handicapped,handicapped,불리하게 하다,Difficult
Regular (-ed),handle,handled,handled,다루다/처리하다,Average
Regular (-ed),happen,happenned,happenned,일어나다,Easy
Regular (-ed),harbor,harborred,harborred,품다/항구에 정박하다,Difficult
Regular (-ed),harbour,harboured,harboured,품다/항구에 정박하다,Difficult
Regular (-ed),harm,harmed,harmed,해치다,Average
Regular (-ed),harvest,harvested,harvested,수확하다,Average
Regular (-ed),hate,hated,hated,싫어하다,Easy
Regular (-ed),haunt,haunted,haunted,출몰하다/괴롭히다,Average
Regular (-ed),hazard,hazarded,hazarded,위험을 감수하다,Average
Regular (-ed),head,headed,headed,향하다/이끌다,Easy
Regular (-ed),heal,healed,healed,치유하다,Average
Regular (-ed),heat,heated,heated,가열하다,Average
Regular (-ed),help,helped,helped,돕다,Easy
Regular (-ed),hesitate,hesitated,hesitated,주저하다,Difficult
Regular (-ed),highlight,highlighted,highlighted,강조하다/부각시키다,Difficult
Regular (-ed),hike,hiked,hiked,하이킹하다/인상하다,Average
Regular (-ed),hint,hinted,hinted,암시하다/힌트를 주다,Average
Regular (-ed),hire,hired,hired,고용하다,Easy
Regular (-ed),hook,hooked,hooked,갈고리로 걸다/끌어당기다,Average
Regular (-ed),hope,hoped,hoped,바라다,Easy
Regular (-ed),host,hosted,hosted,주최하다/접대하다,Average
Regular (-ed),hug,hugged,hugged,껴안다,Average
Regular (-ed),humor,humorred,humorred,비위를 맞추다,Average
Regular (-ed),humour,humoured,humoured,비위를 맞추다,Average
Regular (-ed),hunger,hungerred,hungerred,굶주리다/갈망하다,Average
Regular (-ed),hunt,hunted,hunted,사냥하다/찾다,Average
Regular (-ed),hurry,hurried,hurried,서두르다,Average
Regular (-ed),ignore,ignored,ignored,무시하다,Average
Regular (-ed),illude,illuded,illuded,환상을 주다/속이다,Difficult
Regular (-ed),illustrate,illustrated,illustrated,설명하다/삽화를 그리다,Difficult
Regular (-ed),imagine,imagined,imagined,상상하다,Easy
Regular (-ed),imitate,imitated,imitated,모방하다/흉내 내다,Average
Regular (-ed),immigrate,immigrated,immigrated,이민 오다,Difficult
Regular (-ed),impact,impacted,impacted,영향을 미치다,Average
Regular (-ed),implement,implemented,implemented,실행하다,Difficult
Regular (-ed),imply,implied,implied,암시하다/함축하다,Average
Regular (-ed),import,imported,imported,수입하다,Average
Regular (-ed),impose,imposed,imposed,부과하다/강요하다,Difficult
Regular (-ed),impress,impressed,impressed,인상을 주다,Average
Regular (-ed),improve,improved,improved,향상시키다,Average
Regular (-ed),incline,inclined,inclined,기울다/~하고 싶다,Average
Regular (-ed),include,included,included,포함하다,Easy
Regular (-ed),incorporate,incorporated,incorporated,통합하다/법인으로 설립하다,Difficult
Regular (-ed),increase,increased,increased,증가하다,Easy
Regular (-ed),indicate,indicated,indicated,나타내다/지시하다,Easy
Regular (-ed),induce,induced,induced,유도하다/유발하다,Difficult
Regular (-ed),infect,infected,infected,감염시키다,Average
Regular (-ed),infer,inferred,inferred,추론하다,Average
Regular (-ed),inflate,inflated,inflated,부풀리다/팽창하다,Average
Regular (-ed),influence,influenced,influenced,영향을 미치다,Average
Regular (-ed),inform,informed,informed,알리다,Average
Regular (-ed),inhabit,inhabitted,inhabitted,거주하다,Average
Regular (-ed),inhibit,inhibitted,inhibitted,억제하다/방해하다,Difficult
Regular (-ed),inject,injected,injected,주입하다/주사하다,Average
Regular (-ed),injure,injured,injured,다치게 하다,Average
Regular (-ed),innovate,innovated,innovated,혁신하다,Difficult
Regular (-ed),input,inputted,inputted,입력하다,Average
Regular (-ed),inquire,inquired,inquired,문의하다/조사하다,Average
Regular (-ed),insert,inserted,inserted,삽입하다,Average
Regular (-ed),insist,insisted,insisted,주장하다,Average
Regular (-ed),inspect,inspected,inspected,검사하다,Difficult
Regular (-ed),inspire,inspired,inspired,영감을 주다,Average
Regular (-ed),install,installed,installed,설치하다,Average
Regular (-ed),institute,instituted,instituted,설립하다/도입하다,Difficult
Regular (-ed),instruct,instructed,instructed,지시하다/가르치다,Average
Regular (-ed),insult,insulted,insulted,모욕하다,Average
Regular (-ed),insure,insured,insured,보험에 들다/보장하다,Average
Regular (-ed),integrate,integrated,integrated,통합하다,Difficult
Regular (-ed),intend,intended,intended,의도하다,Average
Regular (-ed),interest,interested,interested,흥미롭게 하다,Easy
Regular (-ed),interfere,interfered,interfered,간섭하다/방해하다,Difficult
Regular (-ed),interpret,interpretted,interpretted,해석하다,Difficult
Regular (-ed),interrupt,interrupted,interrupted,방해하다/중단시키다,Average
Regular (-ed),intervene,intervened,intervened,개입하다,Difficult
Regular (-ed),intrigue,intrigued,intrigued,흥미를 끌다/음모를 꾸미다,Difficult
Regular (-ed),introduce,introduced,introduced,소개하다,Easy
Regular (-ed),invade,invaded,invaded,침략하다,Difficult
Regular (-ed),invent,invented,invented,발명하다,Average
Regular (-ed),invest,invested,invested,투자하다,Average
Regular (-ed),investigate,investigated,investigated,조사하다,Difficult
Regular (-ed),invite,invited,invited,초대하다,Easy
Regular (-ed),involve,involved,involved,포함하다,Average
Regular (-ed),iron,ironned,ironned,다림질하다,Average
Regular (-ed),irritate,irritated,irritated,짜증나게 하다,Difficult
Regular (-ed),isolate,isolated,isolated,격리하다,Difficult
Regular (-ed),issue,issued,issued,발행하다/내보내다,Average
Regular (-ed),jail,jailed,jailed,투옥하다,Average
Regular (-ed),jam,jammed,jammed,막히게 하다/꽉 채우다,Average
Regular (-ed),jar,jarred,jarred,흔들다/충격을 주다,Average
Regular (-ed),jog,jogged,jogged,조깅하다/기억을 상기시키다,Average
Regular (-ed),join,joined,joined,참여하다,Easy
Regular (-ed),joke,joked,joked,농담하다,Average
Regular (-ed),journey,journeyed,journeyed,여행하다,Average
Regular (-ed),judge,judged,judged,판단하다,Average
Regular (-ed),jump,jumped,jumped,뛰다,Easy
Regular (-ed),keen,keened,keened,날카롭게 하다,Average
Regular (-ed),key,keyed,keyed,입력하다,Average
Regular (-ed),kick,kicked,kicked,차다,Easy
Regular (-ed),kid,kidded,kidded,농담하다/놀리다,Average
Regular (-ed),kill,killed,killed,죽이다,Easy
Regular (-ed),kind,kinded,kinded,친절히 대하다,Average
Regular (-ed),kiss,kissed,kissed,키스하다,Easy
Regular (-ed),knock,knocked,knocked,두드리다,Easy
Regular (-ed),knot,knotted,knotted,매듭짓다,Average
Regular (-ed),label,labelled,labelled,라벨을 붙이다/분류하다,Average
Regular (-ed),labor,laborred,laborred,노력하다/일하다,Average
Regular (-ed),labour,laboured,laboured,노력하다/일하다,Average
Regular (-ed),lack,lacked,lacked,부족하다,Average
Regular (-ed),land,landed,landed,착륙하다/얻다,Easy
Regular (-ed),landscape,landscaped,landscaped,조경하다,Average
Regular (-ed),last,lasted,lasted,지속하다,Easy
Regular (-ed),laugh,laughed,laughed,웃다,Easy
Regular (-ed),launch,launched,launched,출시하다/시작하다,Average
Regular (-ed),leak,leaked,leaked,새다/유출하다,Average
Regular (-ed),lease,leased,leased,임대하다,Average
Regular (-ed),lecture,lectured,lectured,강의하다,Average
Regular (-ed),level,levelled,levelled,수평을 맞추다/평준화하다,Average
Regular (-ed),licence,licenced,licenced,허가하다,Average
Regular (-ed),license,licensed,licensed,허가하다,Average
Regular (-ed),lift,lifted,lifted,들어 올리다,Easy
Regular (-ed),like,liked,liked,좋아하다,Easy
Regular (-ed),limit,limitted,limitted,제한하다,Average
Regular (-ed),line,lined,lined,줄 서다/줄을 긋다,Average
Regular (-ed),link,linked,linked,연결하다,Easy
Regular (-ed),list,listed,listed,목록을 만들다,Easy
Regular (-ed),listen,listenned,listenned,듣다,Easy
Regular (-ed),live,lived,lived,살다,Easy
Regular (-ed),load,loaded,loaded,싣다/로드하다,Easy
Regular (-ed),loan,loaned,loaned,빌려주다,Average
Regular (-ed),locate,located,located,위치를 찾다/두다,Average
Regular (-ed),lock,locked,locked,잠그다,Easy
Regular (-ed),log,logged,logged,기록하다/로그인하다,Average
Regular (-ed),long,longed,longed,갈망하다,Average
Regular (-ed),look,looked,looked,보다,Easy
Regular (-ed),love,loved,loved,사랑하다,Easy
Regular (-ed),lump,lumped,lumped,한데 묶다,Average
Regular (-ed),lunch,lunched,lunched,점심을 먹다,Average
Regular (-ed),mail,mailed,mailed,우편으로 보내다/메일을 보내다,Average
Regular (-ed),maintain,maintained,maintained,유지하다,Average
Regular (-ed),manage,managed,managed,관리하다,Easy
Regular (-ed),manifest,manifested,manifested,명백히 하다,Average
Regular (-ed),manipulate,manipulated,manipulated,조종하다,Difficult
Regular (-ed),manufacture,manufactured,manufactured,제조하다,Difficult
Regular (-ed),map,mapped,mapped,지도를 만들다/계획하다,Average
Regular (-ed),mark,marked,marked,표시하다/채점하다,Average
Regular (-ed),market,marketted,marketted,판매하다/마케팅하다,Average
Regular (-ed),marry,married,married,결혼하다,Average
Regular (-ed),mask,masked,masked,가리다/위장하다,Average
Regular (-ed),master,masterred,masterred,숙달하다,Average
Regular (-ed),match,matched,matched,어울리다/대응하다,Easy
Regular (-ed),mate,mated,mated,짝짓다,Average
Regular (-ed),matter,matterred,matterred,중요하다,Easy
Regular (-ed),mature,matured,matured,성숙하다,Average
Regular (-ed),measure,measured,measured,측정하다,Average
Regular (-ed),mediate,mediated,mediated,중재하다,Difficult
Regular (-ed),melt,melted,melted,녹다,Average
Regular (-ed),mention,mentioned,mentioned,언급하다,Easy
Regular (-ed),merge,merged,merged,합병하다,Average
Regular (-ed),mess,messed,messed,어지럽히다,Average
Regular (-ed),milk,milked,milked,젖을 짜다/이용하다,Average
Regular (-ed),mind,minded,minded,꺼리다/신경 쓰다,Average
Regular (-ed),mine,mined,mined,채굴하다,Average
Regular (-ed),mirror,mirrorred,mirrorred,반영하다,Average
Regular (-ed),miss,missed,missed,놓치다/그리워하다,Easy
Regular (-ed),mix,mixed,mixed,섞다,Easy
Regular (-ed),mock,mocked,mocked,조롱하다/모의하다,Average
Regular (-ed),model,modelled,modelled,모델이 되다/모형을 만들다,Average
Regular (-ed),modify,modified,modified,변형하다/수정하다,Average
Regular (-ed),monitor,monitorred,monitorred,감시하다/관찰하다,Average
Regular (-ed),mount,mounted,mounted,오르다/증가하다,Average
Regular (-ed),move,moved,moved,움직이다,Easy
Regular (-ed),murder,murderred,murderred,살해하다,Average
Regular (-ed),name,named,named,이름을 붙이다/지명하다,Average
Regular (-ed),narrate,narrated,narrated,서술하다,Average
Regular (-ed),narrow,narrowed,narrowed,좁히다,Average
Regular (-ed),need,needed,needed,필요하다,Easy
Regular (-ed),negate,negated,negated,부정하다,Average
Regular (-ed),neglect,neglected,neglected,소홀히 하다,Average
Regular (-ed),negotiate,negotiated,negotiated,협상하다,Difficult
Regular (-ed),neighbor,neighborred,neighborred,인접하다,Average
Regular (-ed),neighbour,neighboured,neighboured,인접하다,Average
Regular (-ed),nest,nested,nested,둥지를 틀다,Average
Regular (-ed),network,networked,networked,네트워크를 형성하다,Average
Regular (-ed),nod,nodded,nodded,고개를 끄덕이다,Average
Regular (-ed),nominate,nominated,nominated,지명하다,Difficult
Regular (-ed),note,noted,noted,주목하다/기록하다,Average
Regular (-ed),notice,noticed,noticed,알아차리다,Average
Regular (-ed),number,numberred,numberred,번호를 매기다,Average
Regular (-ed),obey,obeyed,obeyed,복종하다,Average
Regular (-ed),object,objected,objected,반대하다,Average
Regular (-ed),oblige,obliged,obliged,강제하다/의무를 지우다,Average
Regular (-ed),observe,observed,observed,관찰하다,Average
Regular (-ed),obsess,obsessed,obsessed,집착하게 하다,Average
Regular (-ed),obtain,obtained,obtained,얻다,Average
Regular (-ed),occupy,occupied,occupied,점유하다/차지하다,Average
Regular (-ed),occur,occurred,occurred,발생하다,Average
Regular (-ed),offend,offended,offended,화나게 하다/위반하다,Average
Regular (-ed),offer,offerred,offerred,제공하다,Easy
Regular (-ed),open,openned,openned,열다,Easy
Regular (-ed),operate,operated,operated,작동하다,Easy
Regular (-ed),oppose,opposed,opposed,반대하다,Average
Regular (-ed),opt,opted,opted,선택하다,Average
Regular (-ed),orbit,orbitted,orbitted,궤도를 돌다,Average
Regular (-ed),order,orderred,orderred,명령하다/주문하다,Easy
Regular (-ed),orient,oriented,oriented,방향을 잡다,Average
Regular (-ed),outline,outlined,outlined,개요를 잡다,Average
Regular (-ed),output,outputted,outputted,출력하다/생산하다,Average
Regular (-ed),outrage,outraged,outraged,격분시키다,Average
Regular (-ed),overlap,overlapped,overlapped,겹치다,Average
Regular (-ed),overlook,overlooked,overlooked,간과하다/내려다보다,Difficult
Regular (-ed),overwhelm,overwhelmed,overwhelmed,압도하다,Difficult
Regular (-ed),owe,owed,owed,빚지다,Average
Regular (-ed),own,owned,owned,소유하다,Easy
Regular (-ed),pack,packed,packed,짐을 싸다,Average
Regular (-ed),page,paged,paged,페이지를 만들다/호출하다,Average
Regular (-ed),paint,painted,painted,칠하다,Average
Regular (-ed),pair,paired,paired,짝짓다,Average
Regular (-ed),panic,panicked,panicked,공황상태에 빠지다,Average
Regular (-ed),parade,paraded,paraded,행진하다,Average
Regular (-ed),pardon,pardonned,pardonned,용서하다,Average
Regular (-ed),park,parked,parked,주차하다,Average
Regular (-ed),part,parted,parted,헤어지다/나누다,Average
Regular (-ed),participate,participated,participated,참여하다,Average
Regular (-ed),pass,passed,passed,지나가다/통과하다,Easy
Regular (-ed),patch,patched,patched,수선하다,Average
Regular (-ed),patent,patented,patented,특허를 내다,Average
Regular (-ed),pause,paused,paused,멈추다/일시정지하다,Average
Regular (-ed),pave,paved,paved,포장하다,Average
Regular (-ed),peel,peeled,peeled,껍질을 벗기다,Average
Regular (-ed),peer,peered,peered,자세히 들여다보다,Average
Regular (-ed),pen,penned,penned,글로 쓰다,Average
Regular (-ed),perceive,perceived,perceived,인식하다/감지하다,Difficult
Regular (-ed),perfect,perfected,perfected,완성하다,Average
Regular (-ed),perform,performed,performed,수행하다,Average
Regular (-ed),permit,permitted,permitted,허락하다,Average
Regular (-ed),persist,persisted,persisted,고집하다/지속하다,Difficult
Regular (-ed),persuade,persuaded,persuaded,설득하다,Average
Regular (-ed),pet,petted,petted,쓰다듬다,Average
Regular (-ed),phase,phased,phased,단계별로 시행하다,Average
Regular (-ed),phone,phoned,phoned,전화하다,Easy
Regular (-ed),photo,photoed,photoed,사진 찍다,Average
Regular (-ed),photograph,photographed,photographed,사진을 찍다,Average
Regular (-ed),phrase,phrased,phrased,표현하다,Average
Regular (-ed),pick,picked,picked,고르다,Easy
Regular (-ed),picture,pictured,pictured,상상하다/묘사하다,Average
Regular (-ed),pile,piled,piled,쌓다,Average
Regular (-ed),pilot,pilotted,pilotted,시범 운영하다/조종하다,Average
Regular (-ed),pin,pinned,pinned,핀으로 고정하다,Average
Regular (-ed),pinch,pinched,pinched,꼬집다,Average
Regular (-ed),pioneer,pioneered,pioneered,개척하다,Difficult
Regular (-ed),pitch,pitched,pitched,던지다/제안하다,Average
Regular (-ed),pity,pitied,pitied,동정하다,Average
Regular (-ed),place,placed,placed,놓다/배치하다,Easy
Regular (-ed),plan,planned,planned,계획하다,Easy
Regular (-ed),plant,planted,planted,심다/설치하다,Average
Regular (-ed),play,played,played,놀다/연주하다,Easy
Regular (-ed),please,pleased,pleased,기쁘게 하다,Average
Regular (-ed),plot,plotted,plotted,계획하다/줄거리를 구성하다,Average
Regular (-ed),point,pointed,pointed,가리키다,Easy
Regular (-ed),poison,poisonned,poisonned,독살하다/오염시키다,Average
Regular (-ed),polish,polished,polished,닦다/다듬다,Average
Regular (-ed),poll,polled,polled,투표하다/여론조사하다,Average
Regular (-ed),pollute,polluted,polluted,오염시키다,Difficult
Regular (-ed),pop,popped,popped,터지다/불쑥 나타나다,Average
Regular (-ed),populate,populated,populated,거주시키다/채우다,Difficult
Regular (-ed),port,ported,ported,이식하다,Average
Regular (-ed),pose,posed,posed,자세를 취하다/제기하다,Average
Regular (-ed),posit,positted,positted,상정하다/가정하다,Difficult
Regular (-ed),possess,possessed,possessed,소유하다,Average
Regular (-ed),post,posted,posted,게시하다/발송하다,Easy
Regular (-ed),pour,poured,poured,붓다,Average
Regular (-ed),power,powerred,powerred,동력을 공급하다,Average
Regular (-ed),practice,practiced,practiced,연습하다,Average
Regular (-ed),practise,practised,practised,연습하다,Average
Regular (-ed),praise,praised,praised,칭찬하다,Average
Regular (-ed),pray,prayed,prayed,기도하다,Average
Regular (-ed),preach,preached,preached,설교하다,Average
Regular (-ed),precede,preceded,preceded,앞서다,Difficult
Regular (-ed),predict,predicted,predicted,예측하다,Average
Regular (-ed),prefer,preferred,preferred,선호하다,Average
Regular (-ed),prepare,prepared,prepared,준비하다,Easy
Regular (-ed),prescribe,prescribed,prescribed,처방하다/규정하다,Difficult
Regular (-ed),present,presented,presented,제시하다/발표하다,Average
Regular (-ed),preserve,preserved,preserved,보존하다,Average
Regular (-ed),preside,presided,presided,주재하다,Average
Regular (-ed),press,pressed,pressed,누르다/촉구하다,Average
Regular (-ed),presume,presumed,presumed,추정하다,Difficult
Regular (-ed),pretend,pretended,pretended,~인 척하다,Average
Regular (-ed),prevail,prevailed,prevailed,우세하다/만연하다,Difficult
Regular (-ed),prevent,prevented,prevented,막다,Average
Regular (-ed),price,priced,priced,값을 매기다,Average
Regular (-ed),print,printed,printed,인쇄하다,Easy
Regular (-ed),proceed,proceeded,proceeded,진행하다,Average
Regular (-ed),process,processed,processed,처리하다,Average
Regular (-ed),produce,produced,produced,생산하다,Average
Regular (-ed),profit,profitted,profitted,이익을 얻다,Average
Regular (-ed),program,programmed,programmed,프로그램을 짜다,Average
Regular (-ed),programme,programmed,programmed,프로그램을 짜다,Average
Regular (-ed),progress,progressed,progressed,진보하다,Average
Regular (-ed),prohibit,prohibitted,prohibitted,금지하다,Difficult
Regular (-ed),project,projected,projected,투사하다/계획하다,Average
Regular (-ed),promise,promised,promised,약속하다,Average
Regular (-ed),promote,promoted,promoted,촉진하다/홍보하다,Average
Regular (-ed),prompt,prompted,prompted,촉구하다/자극하다,Average
Regular (-ed),pronounce,pronounced,pronounced,발음하다/선언하다,Average
Regular (-ed),propose,proposed,proposed,제안하다/청혼하다,Average
Regular (-ed),prosper,prosperred,prosperred,번영하다,Average
Regular (-ed),protect,protected,protected,보호하다,Easy
Regular (-ed),protest,protested,protested,항의하다,Average
Regular (-ed),prove,proved,proved,증명하다,Easy
Regular (-ed),provide,provided,provided,제공하다,Easy
Regular (-ed),provoke,provoked,provoked,자극하다/유발하다,Difficult
Regular (-ed),publish,published,published,출판하다,Average
Regular (-ed),pull,pulled,pulled,당기다,Easy
Regular (-ed),pump,pumped,pumped,펌프질하다/주입하다,Average
Regular (-ed),punch,punched,punched,주먹으로 치다,Average
Regular (-ed),punish,punished,punished,처벌하다,Average
Regular (-ed),purchase,purchased,purchased,구매하다,Average
Regular (-ed),pursue,pursued,pursued,추구하다/추격하다,Average
Regular (-ed),push,pushed,pushed,밀다,Easy
Regular (-ed),puzzle,puzzled,puzzled,당혹시키다,Average
Regular (-ed),question,questioned,questioned,질문하다/의문을 품다,Average
Regular (-ed),quiz,quized,quized,퀴즈를 내다,Average
Regular (-ed),quote,quoted,quoted,인용하다,Average
Regular (-ed),race,raced,raced,경주하다,Average
Regular (-ed),rage,raged,raged,격노하다,Average
Regular (-ed),rain,rained,rained,비가 오다,Average
Regular (-ed),raise,raised,raised,올리다/기르다,Easy
Regular (-ed),rally,rallied,rallied,결집하다/회복하다,Average
Regular (-ed),rank,ranked,ranked,순위를 매기다,Average
Regular (-ed),rate,rated,rated,평가하다,Average
Regular (-ed),reach,reached,reached,도착하다/손이 닿다,Easy
Regular (-ed),react,reacted,reacted,반응하다,Average
Regular (-ed),reason,reasonned,reasonned,추론하다,Average
Regular (-ed),rebel,rebelled,rebelled,반항하다,Average
Regular (-ed),receive,received,received,받다,Easy
Regular (-ed),recognize,recognized,recognized,알아보다,Easy
Regular (-ed),recommend,recommended,recommended,추천하다,Average
Regular (-ed),record,recorded,recorded,기록하다,Easy
Regular (-ed),recover,recoverred,recoverred,회복하다,Average
Regular (-ed),recruit,recruited,recruited,채용하다/모집하다,Difficult
Regular (-ed),reduce,reduced,reduced,줄이다,Easy
Regular (-ed),refer,referred,referred,언급하다,Easy
Regular (-ed),refine,refined,refined,정제하다/개선하다,Difficult
Regular (-ed),reflect,reflected,reflected,반영하다/성찰하다,Average
Regular (-ed),reform,reformed,reformed,개혁하다,Average
Regular (-ed),refrigerate,refrigerated,refrigerated,냉장하다,Difficult
Regular (-ed),refuse,refused,refused,거절하다,Easy
Regular (-ed),regard,regarded,regarded,여기다/간주하다,Average
Regular (-ed),register,registerred,registerred,등록하다,Average
Regular (-ed),regret,regretted,regretted,후회하다,Average
Regular (-ed),regulate,regulated,regulated,규제하다,Difficult
Regular (-ed),reinforce,reinforced,reinforced,강화하다,Difficult
Regular (-ed),reject,rejected,rejected,거부하다,Average
Regular (-ed),relate,related,related,연관시키다/이야기하다,Average
Regular (-ed),relax,relaxed,relaxed,쉬다,Average
Regular (-ed),release,released,released,발표하다/석방하다,Average
Regular (-ed),relieve,relieved,relieved,완화하다/안도하다,Average
Regular (-ed),rely,relied,relied,의지하다,Average
Regular (-ed),remain,remained,remained,남다,Easy
Regular (-ed),remark,remarked,remarked,언급하다,Average
Regular (-ed),remember,rememberred,rememberred,기억하다,Easy
Regular (-ed),remind,reminded,reminded,상기시키다,Average
Regular (-ed),remove,removed,removed,제거하다,Easy
Regular (-ed),rent,rented,rented,임대하다,Average
Regular (-ed),repair,repaired,repaired,수리하다,Average
Regular (-ed),repeat,repeated,repeated,반복하다,Easy
Regular (-ed),replace,replaced,replaced,대체하다,Average
Regular (-ed),reply,replied,replied,대답하다,Average
Regular (-ed),report,reported,reported,보고하다,Easy
Regular (-ed),represent,represented,represented,대표하다,Difficult
Regular (-ed),request,requested,requested,요청하다,Easy
Regular (-ed),require,required,required,요구하다,Average
Regular (-ed),rescue,rescued,rescued,구조하다,Average
Regular (-ed),research,researched,researched,연구하다,Average
Regular (-ed),resemble,resembled,resembled,닮다,Difficult
Regular (-ed),reserve,reserved,reserved,예약하다/보존하다,Average
Regular (-ed),reside,resided,resided,거주하다,Average
Regular (-ed),resign,resigned,resigned,사임하다,Average
Regular (-ed),resist,resisted,resisted,저항하다,Average
Regular (-ed),resolve,resolved,resolved,해결하다/결심하다,Average
Regular (-ed),resort,resorted,resorted,의존하다/휴양지로 가다,Average
Regular (-ed),respect,respected,respected,존경하다,Average
Regular (-ed),respond,responded,responded,응답하다,Average
Regular (-ed),rest,rested,rested,쉬다,Easy
Regular (-ed),restore,restored,restored,복원하다,Average
Regular (-ed),restrain,restrained,restrained,자제하다/억제하다,Difficult
Regular (-ed),restrict,restricted,restricted,제한하다,Difficult
Regular (-ed),result,resulted,resulted,결과로 나타나다,Easy
Regular (-ed),resume,resumed,resumed,재개하다,Difficult
Regular (-ed),retail,retailed,retailed,소매로 팔다,Difficult
Regular (-ed),retain,retained,retained,유지하다/보유하다,Average
Regular (-ed),retire,retired,retired,은퇴하다,Average
Regular (-ed),retreat,retreated,retreated,후퇴하다,Average
Regular (-ed),return,returned,returned,돌아오다,Easy
Regular (-ed),reveal,revealed,revealed,드러내다,Average
Regular (-ed),revenge,revenged,revenged,복수하다,Average
Regular (-ed),reverse,reversed,reversed,뒤집다/반전하다,Average
Regular (-ed),revise,revised,revised,수정하다,Average
Regular (-ed),revive,revived,revived,부활시키다,Average
Regular (-ed),reward,rewarded,rewarded,보상하다,Average
Regular (-ed),rid,ridded,ridded,제거하다,Average
Regular (-ed),ridicule,ridiculed,ridiculed,조롱하다,Difficult
Regular (-ed),riot,rioted,rioted,폭동을 일으키다,Average
Regular (-ed),risk,risked,risked,위험을 무릅쓰다,Average
Regular (-ed),rival,rivalled,rivalled,경쟁하다,Average
Regular (-ed),roar,roared,roared,으르렁거리다/포효하다,Average
Regular (-ed),roast,roasted,roasted,굽다/비판하다,Average
Regular (-ed),rob,robbed,robbed,강도질하다,Average
Regular (-ed),rock,rocked,rocked,흔들다,Average
Regular (-ed),roll,rolled,rolled,구르다/굴리다,Average
Regular (-ed),rot,rotted,rotted,썩다,Average
Regular (-ed),round,rounded,rounded,둥글게 하다/어림하다,Average
Regular (-ed),row,rowed,rowed,노를 젓다,Average
Regular (-ed),rub,rubbed,rubbed,문지르다,Average
Regular (-ed),ruin,ruined,ruined,망치다,Average
Regular (-ed),rule,ruled,ruled,지배하다/결정하다,Average
Regular (-ed),rumor,rumorred,rumorred,소문을 내다,Average
Regular (-ed),rumour,rumoured,rumoured,소문을 내다,Average
Regular (-ed),rush,rushed,rushed,서두르다,Average
Regular (-ed),sack,sacked,sacked,해고하다/자루에 넣다,Average
Regular (-ed),sacrifice,sacrificed,sacrificed,희생하다,Difficult
Regular (-ed),sail,sailed,sailed,항해하다,Average
Regular (-ed),salt,salted,salted,소금을 치다,Average
Regular (-ed),sample,sampled,sampled,샘플을 취하다,Average
Regular (-ed),satisfy,satisfied,satisfied,만족시키다,Average
Regular (-ed),save,saved,saved,구하다/저장하다,Easy
Regular (-ed),scale,scaled,scaled,오르다/규모를 조정하다,Average
Regular (-ed),scan,scanned,scanned,스캔하다/훑어보다,Average
Regular (-ed),scare,scared,scared,겁주다,Average
Regular (-ed),scatter,scatterred,scatterred,흩뿌리다,Average
Regular (-ed),schedule,scheduled,scheduled,일정을 잡다,Average
Regular (-ed),score,scored,scored,득점하다,Average
Regular (-ed),scramble,scrambled,scrambled,뒤섞다/서둘러 움직이다,Average
Regular (-ed),scratch,scratched,scratched,긁다,Average
Regular (-ed),scream,screamed,screamed,비명을 지르다,Average
Regular (-ed),screen,screened,screened,심사하다/상영하다,Average
Regular (-ed),screw,screwed,screwed,나사로 조이다,Average
Regular (-ed),sculpt,sculpted,sculpted,조각하다,Difficult
Regular (-ed),search,searched,searched,검색하다/찾다,Easy
Regular (-ed),season,seasonned,seasonned,양념하다,Average
Regular (-ed),seat,seated,seated,앉히다,Average
Regular (-ed),secure,secured,secured,확보하다/안전하게 하다,Average
Regular (-ed),seed,seeded,seeded,씨를 뿌리다,Average
Regular (-ed),seem,seemed,seemed,~처럼 보이다,Easy
Regular (-ed),seize,seized,seized,붙잡다/장악하다,Average
Regular (-ed),select,selected,selected,선택하다,Average
Regular (-ed),sense,sensed,sensed,감지하다,Average
Regular (-ed),sentence,sentenced,sentenced,선고하다,Average
Regular (-ed),separate,separated,separated,분리하다,Average
Regular (-ed),serve,served,served,제공하다,Average
Regular (-ed),service,serviced,serviced,점검하다/서비스하다,Average
Regular (-ed),settle,settled,settled,해결하다/정착하다,Average
Regular (-ed),shade,shaded,shaded,그늘을 만들다,Average
Regular (-ed),shame,shamed,shamed,창피를 주다,Average
Regular (-ed),shape,shaped,shaped,형성하다,Average
Regular (-ed),share,shared,shared,공유하다,Easy
Regular (-ed),shave,shaved,shaved,면도하다,Average
Regular (-ed),shell,shelled,shelled,껍질을 벗기다,Average
Regular (-ed),shelter,shelterred,shelterred,피난처를 제공하다,Average
Regular (-ed),shift,shifted,shifted,바꾸다/이동하다,Average
Regular (-ed),ship,shipped,shipped,선적하다/배송하다,Average
Regular (-ed),shock,shocked,shocked,충격을 주다,Average
Regular (-ed),shop,shopped,shopped,쇼핑하다,Average
Regular (-ed),shoulder,shoulderred,shoulderred,책임지다,Average
Regular (-ed),shout,shouted,shouted,소리치다,Average
Regular (-ed),shower,showerred,showerred,샤워하다/퍼붓다,Average
Regular (-ed),sigh,sighed,sighed,한숨을 쉬다,Average
Regular (-ed),sign,signed,signed,서명하다/신호하다,Easy
Regular (-ed),simulate,simulated,simulated,모의실험하다,Difficult
Regular (-ed),sin,sinned,sinned,죄를 짓다,Average
Regular (-ed),situate,situated,situated,위치시키다,Difficult
Regular (-ed),size,sized,sized,크기를 정하다,Average
Regular (-ed),skate,skated,skated,스케이트를 타다,Average
Regular (-ed),ski,skied,skied,스키를 타다,Average
Regular (-ed),skip,skipped,skipped,건너뛰다,Average
Regular (-ed),slice,sliced,sliced,얇게 썰다,Average
Regular (-ed),slip,slipped,slipped,미끄러지다,Average
Regular (-ed),slope,sloped,sloped,기울다,Average
Regular (-ed),slow,slowed,slowed,느리게 하다,Average
Regular (-ed),smash,smashed,smashed,박살내다,Average
Regular (-ed),smile,smiled,smiled,미소짓다,Easy
Regular (-ed),smoke,smoked,smoked,담배를 피우다/훈제하다,Average
Regular (-ed),smooth,smoothed,smoothed,매끄럽게 하다,Average
Regular (-ed),snap,snapped,snapped,딱 부러지다/찍다,Average
Regular (-ed),sneak,sneaked,sneaked,몰래 하다,Average
Regular (-ed),snow,snowed,snowed,눈이 오다,Average
Regular (-ed),soak,soaked,soaked,흠뻑 적시다,Average
Regular (-ed),solve,solved,solved,풀다,Easy
Regular (-ed),sort,sorted,sorted,분류하다,Easy
Regular (-ed),sound,sounded,sounded,~처럼 들리다/소리내다,Easy
Regular (-ed),source,sourced,sourced,출처를 찾다/조달하다,Average
Regular (-ed),space,spaced,spaced,간격을 두다,Average
Regular (-ed),span,spanned,spanned,걸치다/포함하다,Average
Regular (-ed),spare,spared,spared,아끼다/할애하다,Average
Regular (-ed),spark,sparked,sparked,불꽃을 일으키다/유발하다,Average
Regular (-ed),speed,speeded,speeded,속도를 높이다,Average
Regular (-ed),splash,splashed,splashed,물을 튀기다,Average
Regular (-ed),sponsor,sponsorred,sponsorred,후원하다,Difficult
Regular (-ed),spot,spotted,spotted,발견하다,Average
Regular (-ed),spray,sprayed,sprayed,분사하다,Average
Regular (-ed),spy,spied,spied,염탐하다,Average
Regular (-ed),square,squared,squared,정사각형으로 하다/맞추다,Average
Regular (-ed),squeeze,squeezed,squeezed,짜다/쥐어짜다,Average
Regular (-ed),stack,stacked,stacked,쌓다,Average
Regular (-ed),stage,staged,staged,무대에 올리다/연출하다,Average
Regular (-ed),stain,stained,stained,얼룩지게 하다,Average
Regular (-ed),stamp,stamped,stamped,도장을 찍다/밟다,Average
Regular (-ed),stare,stared,stared,응시하다,Average
Regular (-ed),start,started,started,시작하다,Easy
Regular (-ed),starve,starved,starved,굶주리다,Average
Regular (-ed),state,stated,stated,진술하다,Average
Regular (-ed),stay,stayed,stayed,머무르다,Easy
Regular (-ed),steam,steamed,steamed,증기로 찌다,Average
Regular (-ed),stem,stemmed,stemmed,막다/유래하다,Average
Regular (-ed),step,stepped,stepped,발걸음을 내딛다,Average
Regular (-ed),stimulate,stimulated,stimulated,자극하다,Difficult
Regular (-ed),stir,stirred,stirred,젓다/자극하다,Average
Regular (-ed),stitch,stitched,stitched,꿰매다,Average
Regular (-ed),stock,stocked,stocked,재고를 쌓다,Average
Regular (-ed),stop,stopped,stopped,멈추다,Easy
Regular (-ed),store,stored,stored,저장하다,Average
Regular (-ed),storm,stormed,stormed,폭풍처럼 몰아치다,Average
Regular (-ed),strain,strained,strained,긴장시키다/거르다,Average
Regular (-ed),stream,streamed,streamed,스트리밍하다/흐르다,Average
Regular (-ed),stress,stressed,stressed,강조하다/스트레스를 주다,Average
Regular (-ed),stretch,stretched,stretched,늘리다/뻗다,Average
Regular (-ed),string,stringed,stringed,연결하다/줄로 묶다,Average
Regular (-ed),strip,stripped,stripped,벗기다/빼앗다,Average
Regular (-ed),stroke,stroked,stroked,쓰다듬다,Average
Regular (-ed),structure,structured,structured,구조화하다,Difficult
Regular (-ed),struggle,struggled,struggled,분투하다,Average
Regular (-ed),study,studied,studied,공부하다,Easy
Regular (-ed),stuff,stuffed,stuffed,채우다/쑤셔 넣다,Average
Regular (-ed),style,styled,styled,스타일링하다,Average
Regular (-ed),subject,subjected,subjected,종속시키다,Average
Regular (-ed),submit,submitted,submitted,제출하다,Average
Regular (-ed),subscribe,subscribed,subscribed,구독하다,Difficult
Regular (-ed),substitute,substituted,substituted,대체하다,Difficult
Regular (-ed),succeed,succeeded,succeeded,성공하다,Average
Regular (-ed),suck,sucked,sucked,빨다/형편없다,Average
Regular (-ed),suffer,sufferred,sufferred,고통받다,Average
Regular (-ed),suffice,sufficed,sufficed,충분하다,Difficult
Regular (-ed),suggest,suggested,suggested,제안하다,Average
Regular (-ed),suit,suited,suited,어울리다,Average
Regular (-ed),sum,summed,summed,합산하다,Average
Regular (-ed),supervise,supervised,supervised,감독하다,Difficult
Regular (-ed),supplement,supplemented,supplemented,보충하다,Difficult
Regular (-ed),supply,supplied,supplied,공급하다,Average
Regular (-ed),support,supported,supported,지원하다,Easy
Regular (-ed),suppose,supposed,supposed,가정하다,Average
Regular (-ed),surprise,surprised,surprised,놀라게 하다,Average
Regular (-ed),surrender,surrenderred,surrenderred,항복하다,Difficult
Regular (-ed),surround,surrounded,surrounded,둘러싸다,Average
Regular (-ed),survey,surveyed,surveyed,조사하다,Average
Regular (-ed),survive,survived,survived,살아남다,Average
Regular (-ed),suspect,suspected,suspected,의심하다,Average
Regular (-ed),suspend,suspended,suspended,중단하다/매달다,Average
Regular (-ed),sustain,sustained,sustained,지속하다/유지하다,Difficult
Regular (-ed),swallow,swallowed,swallowed,삼키다,Average
Regular (-ed),sweat,sweated,sweated,땀 흘리다,Average
Regular (-ed),switch,switched,switched,전환하다,Average
Regular (-ed),tackle,tackled,tackled,다루다/태클하다,Average
Regular (-ed),tag,tagged,tagged,태그를 붙이다,Average
Regular (-ed),talk,talked,talked,말하다,Easy
Regular (-ed),tap,tapped,tapped,두드리다/활용하다,Average
Regular (-ed),tape,taped,taped,테이프로 붙이다/녹화하다,Average
Regular (-ed),target,targetted,targetted,목표로 삼다,Average
Regular (-ed),taste,tasted,tasted,맛보다,Easy
Regular (-ed),tax,taxed,taxed,세금을 부과하다,Average
Regular (-ed),tease,teased,teased,놀리다/조르다,Average
Regular (-ed),telephone,telephoned,telephoned,전화하다,Average
Regular (-ed),tempt,tempted,tempted,유혹하다,Average
Regular (-ed),tend,tended,tended,돌보다/경향이 있다,Average
Regular (-ed),terminate,terminated,terminated,종료하다/해고하다,Difficult
Regular (-ed),test,tested,tested,시험하다,Average
Regular (-ed),text,texted,texted,문자 메시지를 보내다,Average
Regular (-ed),thank,thanked,thanked,감사하다,Easy
Regular (-ed),thrill,thrilled,thrilled,전율하게 하다,Average
Regular (-ed),tick,ticked,ticked,체크하다/째깍거리다,Average
Regular (-ed),tie,tied,tied,묶다,Average
Regular (-ed),time,timed,timed,시간을 재다,Average
Regular (-ed),tire,tired,tired,피곤하게 하다,Average
Regular (-ed),title,titled,titled,제목을 붙이다,Average
Regular (-ed),toast,toasted,toasted,건배하다/굽다,Average
Regular (-ed),top,topped,topped,상위에 있다/꼭대기를 차지하다,Average
Regular (-ed),torture,tortured,tortured,고문하다,Difficult
Regular (-ed),toss,tossed,tossed,던지다,Average
Regular (-ed),total,totalled,totalled,합계를 내다,Average
Regular (-ed),touch,touched,touched,만지다,Easy
Regular (-ed),tour,toured,toured,여행하다/순회하다,Average
Regular (-ed),trace,traced,traced,추적하다,Average
Regular (-ed),track,tracked,tracked,추적하다/기록하다,Average
Regular (-ed),trade,traded,traded,거래하다,Average
Regular (-ed),train,trained,trained,훈련하다,Easy
Regular (-ed),transact,transacted,transacted,거래하다,Difficult
Regular (-ed),transfer,transferred,transferred,이전하다/이체하다,Average
Regular (-ed),transform,transformed,transformed,변화시키다,Difficult
Regular (-ed),translate,translated,translated,번역하다,Average
Regular (-ed),transmit,transmitted,transmitted,전송하다,Difficult
Regular (-ed),transport,transported,transported,운반하다,Difficult
Regular (-ed),trap,trapped,trapped,가두다/함정에 빠뜨리다,Average
Regular (-ed),travel,travelled,travelled,여행하다,Easy
Regular (-ed),treasure,treasured,treasured,소중히 여기다,Difficult
Regular (-ed),treat,treated,treated,대하다/치료하다,Average
Regular (-ed),trick,tricked,tricked,속이다,Average
Regular (-ed),trigger,triggerred,triggerred,유발하다,Average
Regular (-ed),trim,trimmed,trimmed,다듬다,Average
Regular (-ed),triumph,triumphed,triumphed,승리하다,Difficult
Regular (-ed),trouble,troubled,troubled,괴롭히다,Average
Regular (-ed),trust,trusted,trusted,신뢰하다,Average
Regular (-ed),try,tried,tried,시도하다,Easy
Regular (-ed),tune,tuned,tuned,조율하다/채널을 맞추다,Average
Regular (-ed),turn,turned,turned,돌다/바꾸다,Easy
Regular (-ed),twist,twisted,twisted,비틀다/왜곡하다,Average
Regular (-ed),type,typed,typed,타이핑하다,Average
Regular (-ed),underlie,underlied,underlied,근거가 되다,Difficult
Regular (-ed),undermine,undermined,undermined,약화시키다,Difficult
Regular (-ed),unify,unified,unified,통합하다,Average
Regular (-ed),unite,united,united,통합하다/단결하다,Average
Regular (-ed),update,updated,updated,업데이트하다,Average
Regular (-ed),urge,urged,urged,촉구하다,Average
Regular (-ed),use,used,used,사용하다,Easy
Regular (-ed),utilise,utilised,utilised,이용하다,Difficult
Regular (-ed),utilize,utilized,utilized,이용하다,Difficult
Regular (-ed),utter,utterred,utterred,발언하다/완전한,Average
Regular (-ed),vacate,vacated,vacated,비우다/떠나다,Average
Regular (-ed),value,valued,valued,가치를 두다,Average
Regular (-ed),vanish,vanished,vanished,사라지다,Difficult
Regular (-ed),vary,varied,varied,다르다/변화하다,Average
Regular (-ed),venture,ventured,ventured,모험하다,Difficult
Regular (-ed),view,viewed,viewed,보다/여기다,Average
Regular (-ed),visit,visitted,visitted,방문하다,Easy
Regular (-ed),volunteer,volunteered,volunteered,자원하다,Difficult
Regular (-ed),vote,voted,voted,투표하다,Easy
Regular (-ed),wage,waged,waged,임금을 주다/벌이다,Average
Regular (-ed),wait,waited,waited,기다리다,Easy
Regular (-ed),walk,walked,walked,걷다,Easy
Regular (-ed),wander,wanderred,wanderred,돌아다니다,Average
Regular (-ed),want,wanted,wanted,원하다,Easy
Regular (-ed),warm,warmed,warmed,따뜻하게 하다,Average
Regular (-ed),warn,warned,warned,경고하다,Easy
Regular (-ed),warrant,warranted,warranted,보증하다/정당화하다,Difficult
Regular (-ed),wash,washed,washed,씻다,Easy
Regular (-ed),waste,wasted,wasted,낭비하다,Average
Regular (-ed),watch,watched,watched,보다,Easy
Regular (-ed),water,waterred,waterred,물을 주다,Average
Regular (-ed),wave,waved,waved,흔들다/파도치다,Average
Regular (-ed),weigh,weighed,weighed,무게를 재다/고려하다,Average
Regular (-ed),welcome,welcomed,welcomed,환영하다,Easy
Regular (-ed),whip,whipped,whipped,채찍질하다/재빨리 만들다,Average
Regular (-ed),whisper,whisperred,whisperred,속삭이다,Average
Regular (-ed),whistle,whistled,whistled,휘파람을 불다,Average
Regular (-ed),wipe,wiped,wiped,닦다,Average
Regular (-ed),wire,wired,wired,전선을 연결하다,Average
Regular (-ed),wish,wished,wished,바라다,Easy
Regular (-ed),witness,witnessed,witnessed,목격하다,Average
Regular (-ed),wonder,wonderred,wonderred,궁금해하다,Easy
Regular (-ed),work,worked,worked,일하다,Easy
Regular (-ed),worry,worried,worried,걱정하다,Easy
Regular (-ed),worship,worshipped,worshipped,숭배하다,Difficult
Regular (-ed),wound,wounded,wounded,부상을 입히다,Average
Regular (-ed),wrap,wrapped,wrapped,포장하다,Average
Regular (-ed),wreck,wrecked,wrecked,난파시키다/망치다,Average
Regular (-ed),yell,yelled,yelled,소리치다,Average
Regular (-ed),yield,yielded,yielded,산출하다/양보하다,Average
Regular (-ed),zone,zoned,zoned,구역을 정하다,Average
